{"stats":{"minecraft:mined":{"minecraft:sandstone":1},"minecraft:custom":{"minecraft:jump":54,"minecraft:time_since_rest":2768,"minecraft:damage_dealt":78,"minecraft:sprint_one_cm":5777,"minecraft:play_time":2768,"minecraft:damage_taken":176,"minecraft:time_since_death":2768,"minecraft:walk_one_cm":9293,"minecraft:total_world_time":2768,"minecraft:fall_one_cm":2001,"minecraft:fly_one_cm":8318},"minecraft:picked_up":{"minecraft:sandstone_stairs":1,"minecraft:sand":11,"minecraft:sandstone":1,"minecraft:bread":2,"minecraft:chiseled_sandstone":1,"minecraft:coal":2,"minecraft:poisonous_potato":2},"minecraft:used":{"minecraft:jungle_planks":12,"minecraft:iron_pickaxe":1,"minecraft:golden_sword":2,"minecraft:melon_slice":4}},"DataVersion":3465}