{"stats":{"minecraft:mined":{"minecraft:smoker":2,"minecraft:cobblestone_stairs":3,"minecraft:jungle_leaves":2,"minecraft:crafting_table":4,"minecraft:torch":3,"minecraft:grass_block":5,"minecraft:jungle_planks":6,"minecraft:jungle_log":117,"minecraft:tall_grass":1,"minecraft:wall_torch":3,"minecraft:furnace":2,"minecraft:iron_ore":16,"croptopia:pear_crop":1,"minecraft:pumpkin":26,"minecraft:fletching_table":1,"minecraft:grass":39,"minecraft:oak_log":47,"minecraft:coal_ore":20,"minecraft:vine":10,"minecraft:stone":16,"minecraft:oak_leaves":4,"minecraft:fern":3},"minecraft:broken":{"minecraft:stone_axe":1},"minecraft:custom":{"minecraft:interact_with_furnace":7,"minecraft:mob_kills":19,"minecraft:traded_with_villager":37,"minecraft:interact_with_crafting_table":15,"minecraft:leave_game":1,"minecraft:time_since_death":60590,"minecraft:sleep_in_bed":1,"minecraft:climb_one_cm":958,"minecraft:time_since_rest":7846,"minecraft:sprint_one_cm":160555,"minecraft:damage_taken":815,"minecraft:walk_one_cm":115332,"minecraft:drop":5,"minecraft:damage_dealt":2967,"minecraft:swim_one_cm":34866,"minecraft:fly_one_cm":229647,"minecraft:open_chest":2,"minecraft:crouch_one_cm":1294,"minecraft:play_time":60590,"tombstone:undead_killed":4,"minecraft:sneak_time":644,"minecraft:walk_under_water_one_cm":11075,"minecraft:jump":1131,"minecraft:walk_on_water_one_cm":6839,"minecraft:interact_with_smoker":8,"minecraft:total_world_time":60590,"minecraft:fall_one_cm":34499},"minecraft:crafted":{"minecraft:cooked_beef":1,"minecraft:oak_planks":188,"minecraft:emerald":37,"minecraft:crafting_table":2,"comforts:sleeping_bag_white":1,"minecraft:cooked_chicken":1,"minecraft:furnace":1,"minecraft:fletching_table":1,"minecraft:bucket":1,"minecraft:stone_axe":2,"minecraft:cooked_mutton":4,"minecraft:air":0,"minecraft:jungle_planks":452,"morearmor:emerald_armor_helmet":1,"morearmor:emerald_armor_leggings":1,"minecraft:stick":1180,"minecraft:iron_ingot":3,"minecraft:stone_pickaxe":1,"morearmor:emerald_armor_chestplate":1,"minecraft:torch":32,"morearmor:emerald_armor_boots":1,"minecraft:smoker":1},"minecraft:killed":{"minecraft:pig":3,"minecraft:iron_golem":1,"minecraft:creeper":1,"minecraft:skeleton":1,"minecraft:sheep":6,"minecraft:zombie":3,"minecraft:chicken":2,"minecraft:cow":2},"minecraft:picked_up":{"minecraft:crafting_table":3,"minecraft:feather":1,"minecraft:chicken":3,"minecraft:jungle_log":117,"minecraft:leather":4,"minecraft:smoker":2,"minecraft:flint":2,"minecraft:oak_log":47,"minecraft:gunpowder":1,"minecraft:cobblestone_stairs":3,"minecraft:dirt":4,"croptopia:pear":8,"minecraft:apple":36,"minecraft:wheat_seeds":4,"alexsmobs:banana":2,"comforts:sleeping_bag_white":1,"minecraft:iron_ingot":3,"minecraft:beef":3,"minecraft:cooked_chicken":1,"minecraft:jungle_sapling":2,"minecraft:fletching_table":1,"minecraft:egg":1,"minecraft:furnace":2,"minecraft:stick":17,"minecraft:raw_iron":16,"minecraft:pumpkin":26,"minecraft:torch":5,"minecraft:gravel":5,"minecraft:porkchop":5,"minecraft:jungle_planks":5,"minecraft:stone_sword":1,"minecraft:arrow":2,"minecraft:rotten_flesh":4,"croptopia:orange":12,"minecraft:oak_sapling":21,"minecraft:cobblestone":32,"minecraft:mutton":8,"minecraft:coal":22,"minecraft:oak_leaves":1,"minecraft:white_wool":6},"minecraft:used":{"minecraft:cooked_mutton":4,"minecraft:water_bucket":21,"minecraft:stone_sword":79,"minecraft:stone_pickaxe":63,"minecraft:fletching_table":2,"minecraft:cooked_chicken":2,"minecraft:torch":13,"minecraft:crafting_table":5,"minecraft:jungle_planks":43,"croptopia:orange":12,"minecraft:smoker":2,"minecraft:apple":13,"minecraft:stone_axe":228,"minecraft:furnace":2,"minecraft:bucket":22,"alexsmobs:banana":2,"comforts:sleeping_bag_white":1,"minecraft:cooked_beef":1,"croptopia:pear":6},"minecraft:dropped":{"minecraft:dirt":4,"croptopia:pear":2,"minecraft:jungle_sapling":1,"minecraft:oak_leaves":1}},"DataVersion":3465}